Date,Adj_Close,Close,High,Low,Open,Symbol,Volume
2012-12-13,11.79,11.79,12.70,9.20,9.25,SCTY,8305400
2012-12-14,11.72,11.72,13.00,11.52,13.00,SCTY,1686500
2012-12-17,12.33,12.33,12.54,11.75,12.54,SCTY,585200
2012-12-18,11.59,11.59,12.96,11.41,12.50,SCTY,790400
2012-12-19,11.22,11.22,11.78,11.00,11.47,SCTY,666400
2012-12-20,10.67,10.67,11.54,10.45,11.54,SCTY,619300
2012-12-21,10.73,10.73,10.93,10.11,10.36,SCTY,359900
2012-12-24,10.84,10.84,11.05,10.76,11.00,SCTY,120800
2012-12-26,11.04,11.04,11.25,10.82,11.20,SCTY,225200
2012-12-27,11.29,11.29,11.49,11.01,11.19,SCTY,255100
2012-12-28,11.57,11.57,11.69,11.30,11.39,SCTY,151600
2012-12-31,11.93,11.93,12.10,11.62,11.62,SCTY,205700
2013-01-02,12.33,12.33,12.98,11.95,12.98,SCTY,505000
2013-01-03,13.02,13.02,13.45,12.15,12.47,SCTY,635100
2013-01-04,14.40,14.40,15.20,13.50,13.71,SCTY,1463400
2013-01-07,15.97,15.97,16.40,15.15,15.60,SCTY,1995600
2013-01-08,14.73,14.73,16.940001,14.38,16.74,SCTY,1472000
2013-01-09,15.65,15.65,16.23,15.00,15.00,SCTY,965500
2013-01-10,15.76,15.76,16.35,14.88,16.02,SCTY,594100
2013-01-11,15.50,15.50,16.059999,15.01,15.80,SCTY,297500
2013-01-14,14.59,14.59,15.47,14.41,15.45,SCTY,611800
2013-01-15,13.72,13.72,14.55,13.34,14.55,SCTY,740600
2013-01-16,13.98,13.98,14.33,13.11,13.60,SCTY,620700
2013-01-17,15.21,15.21,15.36,14.20,14.75,SCTY,659200
2013-01-18,15.92,15.92,16.25,15.22,15.45,SCTY,937200
2013-01-22,16.030001,16.030001,16.450001,15.45,16.25,SCTY,630800
2013-01-23,15.80,15.80,16.209999,15.55,16.15,SCTY,292200
2013-01-24,16.01,16.01,16.40,15.50,15.72,SCTY,375300
2013-01-25,15.49,15.49,15.95,15.21,15.90,SCTY,649700
2013-01-28,15.63,15.63,15.90,15.45,15.45,SCTY,287600
2013-01-29,15.04,15.04,15.88,14.67,15.69,SCTY,326500
2013-01-30,14.60,14.60,15.03,14.18,15.02,SCTY,437200
2013-01-31,14.62,14.62,14.80,14.15,14.53,SCTY,266200
2013-02-01,15.17,15.17,15.50,14.76,14.78,SCTY,351800
2013-02-04,14.72,14.72,15.48,14.65,15.14,SCTY,238600
2013-02-05,15.09,15.09,15.20,14.70,14.77,SCTY,283500
2013-02-06,15.30,15.30,16.25,15.05,15.45,SCTY,666100
2013-02-07,15.48,15.48,15.69,15.25,15.69,SCTY,166100
2013-02-08,15.13,15.13,15.80,15.08,15.75,SCTY,263300
2013-02-11,16.67,16.67,16.73,15.12,15.12,SCTY,816300
2013-02-12,18.190001,18.190001,18.32,17.24,17.27,SCTY,1643900
2013-02-13,17.639999,17.639999,19.58,17.450001,19.00,SCTY,1065000
2013-02-14,18.43,18.43,18.799999,17.440001,17.709999,SCTY,710700
2013-02-15,17.77,17.77,18.879999,17.60,18.82,SCTY,366200
2013-02-19,18.51,18.51,18.85,17.610001,17.75,SCTY,742200
2013-02-20,18.84,18.84,20.379999,18.52,19.60,SCTY,1587900
2013-02-21,19.07,19.07,19.190001,17.299999,18.709999,SCTY,826300
2013-02-22,18.90,18.90,19.77,18.66,19.77,SCTY,380100
2013-02-25,18.540001,18.540001,19.25,18.41,19.200001,SCTY,352600
2013-02-26,17.40,17.40,18.530001,16.83,18.530001,SCTY,641300
2013-02-27,17.299999,17.299999,17.440001,15.89,17.00,SCTY,1004200
2013-02-28,18.110001,18.110001,18.450001,17.25,17.50,SCTY,555000
2013-03-01,18.16,18.16,18.200001,17.299999,17.969999,SCTY,226800
2013-03-04,18.23,18.23,18.49,17.799999,18.26,SCTY,292900
2013-03-05,18.549999,18.549999,18.969999,18.23,18.459999,SCTY,483000
2013-03-06,19.27,19.27,19.75,18.60,18.799999,SCTY,882200
2013-03-07,16.49,16.49,18.15,15.88,17.700001,SCTY,2691100
2013-03-08,16.309999,16.309999,16.84,16.200001,16.549999,SCTY,646900
2013-03-11,16.940001,16.940001,17.08,16.32,16.629999,SCTY,563600
2013-03-12,16.74,16.74,17.25,16.690001,17.02,SCTY,405500
2013-03-13,16.90,16.90,16.99,16.51,16.83,SCTY,289800
2013-03-14,16.60,16.60,17.040001,16.18,16.950001,SCTY,488700
2013-03-15,16.74,16.74,16.799999,16.299999,16.549999,SCTY,539500
2013-03-18,16.940001,16.940001,16.940001,16.450001,16.639999,SCTY,336800
2013-03-19,17.040001,17.040001,17.299999,16.83,16.91,SCTY,298900
2013-03-20,17.43,17.43,17.50,17.120001,17.120001,SCTY,339400
2013-03-21,17.59,17.59,17.870001,17.27,17.549999,SCTY,333900
2013-03-22,18.190001,18.190001,18.23,17.700001,17.700001,SCTY,362900
2013-03-25,18.540001,18.540001,18.75,18.25,18.43,SCTY,361300
2013-03-26,18.889999,18.889999,20.290001,18.58,18.780001,SCTY,1393800
2013-03-27,18.90,18.90,19.49,18.559999,18.85,SCTY,794500
2013-03-28,18.879999,18.879999,19.139999,18.00,18.93,SCTY,2306900
2013-04-01,19.360001,19.360001,19.57,18.77,18.91,SCTY,688400
2013-04-02,19.049999,19.049999,19.700001,19.040001,19.530001,SCTY,356400
2013-04-03,18.99,18.99,19.26,18.76,19.16,SCTY,430600
2013-04-04,18.35,18.35,19.049999,18.110001,19.049999,SCTY,303000
2013-04-05,18.23,18.23,18.65,18.00,18.030001,SCTY,210500
2013-04-08,18.969999,18.969999,19.00,18.450001,18.540001,SCTY,261000
2013-04-09,20.139999,20.139999,20.50,18.65,19.01,SCTY,1355600
2013-04-10,20.459999,20.459999,21.40,19.75,20.25,SCTY,1177100
2013-04-11,20.379999,20.379999,20.950001,20.200001,20.50,SCTY,302700
2013-04-12,19.969999,19.969999,20.43,19.299999,20.120001,SCTY,461100
2013-04-15,18.559999,18.559999,20.16,18.50,20.16,SCTY,601500
2013-04-16,19.73,19.73,19.84,18.809999,19.07,SCTY,428900
2013-04-17,19.290001,19.290001,19.75,19.00,19.58,SCTY,306200
2013-04-18,20.139999,20.139999,20.35,19.07,19.389999,SCTY,594600
2013-04-19,20.370001,20.370001,20.879999,19.879999,20.200001,SCTY,247900
2013-04-22,21.10,21.10,21.40,20.10,20.709999,SCTY,478500
2013-04-23,22.27,22.27,22.32,21.32,21.60,SCTY,754200
2013-04-24,23.34,23.34,23.65,22.370001,22.68,SCTY,609100
2013-04-25,23.889999,23.889999,24.450001,23.57,23.90,SCTY,534300
2013-04-26,23.34,23.34,23.98,22.879999,23.969999,SCTY,389100
2013-04-29,25.129999,25.129999,25.27,23.51,23.51,SCTY,798300
2013-04-30,27.02,27.02,27.219999,25.299999,25.76,SCTY,1227200
2013-05-01,28.00,28.00,28.23,27.35,27.389999,SCTY,1190600
2013-05-02,27.09,27.09,27.700001,24.00,26.68,SCTY,1568400
2013-05-03,27.00,27.00,27.98,26.50,26.50,SCTY,566300
2013-05-06,26.43,26.43,27.299999,26.02,27.24,SCTY,595500
2013-05-07,23.66,23.66,26.950001,23.50,26.559999,SCTY,1481700
2013-05-08,24.16,24.16,24.83,23.549999,24.83,SCTY,809100
2013-05-09,26.469999,26.469999,27.00,25.00,25.35,SCTY,1073800
2013-05-10,28.879999,28.879999,29.120001,27.35,27.49,SCTY,1507500
2013-05-13,35.880001,35.880001,39.00,29.83,31.15,SCTY,6369300
2013-05-14,31.440001,31.440001,36.849998,30.82,32.220001,SCTY,4774800
2013-05-15,32.169998,32.169998,34.990002,31.67,32.779999,SCTY,2191200
2013-05-16,35.689999,35.689999,36.50,33.650002,36.43,SCTY,3063500
2013-05-17,45.00,45.00,46.50,36.00,37.200001,SCTY,7850300
2013-05-20,51.599998,51.599998,52.77,47.299999,47.459999,SCTY,7337700
2013-05-21,44.52,44.52,51.950001,44.150002,50.50,SCTY,5091200
2013-05-22,44.299999,44.299999,50.50,41.099998,47.220001,SCTY,5560700
2013-05-23,46.790001,46.790001,47.869999,40.279999,40.810001,SCTY,3718300
2013-05-24,48.779999,48.779999,50.50,46.799999,47.50,SCTY,2498100
2013-05-28,46.779999,46.779999,52.50,45.00,51.360001,SCTY,4282400
2013-05-29,48.310001,48.310001,49.50,46.00,46.779999,SCTY,2377300
2013-05-30,48.439999,48.439999,50.299999,47.150002,50.130001,SCTY,2633600
2013-05-31,45.25,45.25,48.450001,45.25,48.200001,SCTY,2102700
2013-06-03,40.77,40.77,45.740002,39.040001,45.50,SCTY,3033400
2013-06-04,37.00,37.00,40.439999,36.50,38.77,SCTY,3572900
2013-06-05,38.400002,38.400002,39.810001,36.099998,36.189999,SCTY,2560800
2013-06-06,38.099998,38.099998,39.59,36.41,38.529999,SCTY,2006100
2013-06-07,35.970001,35.970001,38.75,35.50,38.049999,SCTY,2208700
2013-06-10,36.349998,36.349998,39.07,35.919998,36.220001,SCTY,3286200
2013-06-11,34.48,34.48,35.970001,33.110001,34.610001,SCTY,4943400
2013-06-12,34.279999,34.279999,36.400002,33.73,34.50,SCTY,3091600
2013-06-13,34.029999,34.029999,35.849998,33.799999,33.950001,SCTY,1927900
2013-06-14,36.290001,36.290001,37.00,35.130001,36.299999,SCTY,3981400
2013-06-17,35.959999,35.959999,37.34,35.619999,37.34,SCTY,2239200
2013-06-18,36.450001,36.450001,37.98,35.68,35.68,SCTY,3527700
2013-06-19,36.029999,36.029999,37.150002,35.299999,37.130001,SCTY,1774300
2013-06-20,35.169998,35.169998,35.73,34.830002,35.50,SCTY,1434600
2013-06-21,34.52,34.52,35.98,34.02,35.220001,SCTY,2190000
2013-06-24,32.959999,32.959999,35.349998,32.66,33.509998,SCTY,2321100
2013-06-25,36.009998,36.009998,36.419998,33.50,33.650002,SCTY,3388300
2013-06-26,37.389999,37.389999,37.700001,35.779999,36.849998,SCTY,3432500
2013-06-27,36.380001,36.380001,38.880001,36.049999,38.00,SCTY,3316400
2013-06-28,37.75,37.75,38.200001,36.389999,36.470001,SCTY,3225600
2013-07-01,40.299999,40.299999,41.200001,38.00,38.00,SCTY,3873500
2013-07-02,37.740002,37.740002,41.00,37.299999,40.700001,SCTY,3305800
2013-07-03,37.490002,37.490002,38.700001,37.299999,38.049999,SCTY,987600
2013-07-05,38.09,38.09,38.759998,37.380001,38.700001,SCTY,1381200
2013-07-08,40.990002,40.990002,41.330002,38.299999,38.450001,SCTY,2625600
2013-07-09,42.150002,42.150002,43.369999,39.049999,41.380001,SCTY,4197500
2013-07-10,42.099998,42.099998,43.470001,41.59,42.700001,SCTY,2313800
2013-07-11,43.709999,43.709999,44.119999,42.650002,43.23,SCTY,2185900
2013-07-12,43.32,43.32,44.290001,42.650002,43.00,SCTY,1940400
2013-07-15,44.619999,44.619999,44.98,43.299999,44.110001,SCTY,2080900
2013-07-16,40.759998,40.759998,44.599998,40.299999,44.32,SCTY,3326600
2013-07-17,42.060001,42.060001,42.630001,40.599998,40.810001,SCTY,2002300
2013-07-18,42.09,42.09,43.02,41.720001,42.43,SCTY,1094800
2013-07-19,41.669998,41.669998,42.139999,40.50,42.00,SCTY,1138100
2013-07-22,41.990002,41.990002,43.299999,41.450001,41.709999,SCTY,1573600
2013-07-23,40.810001,40.810001,42.689999,40.599998,42.110001,SCTY,1644500
2013-07-24,40.029999,40.029999,41.700001,38.799999,41.400002,SCTY,2117700
2013-07-25,40.09,40.09,40.400002,39.119999,39.700001,SCTY,1040000
2013-07-26,41.529999,41.529999,41.900002,39.849998,39.849998,SCTY,1260400
2013-07-29,41.84,41.84,42.799999,41.299999,41.529999,SCTY,1422200
2013-07-30,41.470001,41.470001,42.790001,41.189999,42.09,SCTY,1303700
2013-07-31,41.349998,41.349998,42.25,41.110001,42.139999,SCTY,1060300
2013-08-01,40.57,40.57,41.849998,40.009998,41.599998,SCTY,1154500
2013-08-02,41.709999,41.709999,41.740002,40.380001,40.610001,SCTY,992100
2013-08-05,45.150002,45.150002,45.490002,41.810001,42.00,SCTY,4448600
2013-08-06,43.869999,43.869999,45.599998,43.049999,45.299999,SCTY,3164100
2013-08-07,42.50,42.50,42.689999,40.57,42.349998,SCTY,3827500
2013-08-08,37.91,37.91,43.389999,37.50,40.400002,SCTY,5627500
2013-08-09,38.34,38.34,39.16,38.16,39.009998,SCTY,1876200
2013-08-12,38.119999,38.119999,38.880001,37.57,38.119999,SCTY,1523600
2013-08-13,37.919998,37.919998,39.259998,37.700001,38.52,SCTY,1990900
2013-08-14,36.139999,36.139999,37.959999,35.400002,37.669998,SCTY,2878500
2013-08-15,35.610001,35.610001,36.099998,35.299999,35.50,SCTY,967100
2013-08-16,37.060001,37.060001,37.25,35.50,35.990002,SCTY,1083800
2013-08-19,35.419998,35.419998,37.599998,35.34,37.16,SCTY,1150900
2013-08-20,34.310001,34.310001,35.650002,34.150002,35.57,SCTY,1882700
2013-08-21,34.490002,34.490002,35.290001,33.709999,34.150002,SCTY,1792800
2013-08-22,34.18,34.18,35.00,33.790001,34.720001,SCTY,945300
2013-08-23,34.310001,34.310001,35.18,34.209999,34.619999,SCTY,1026900
2013-08-26,35.00,35.00,35.68,34.400002,34.490002,SCTY,2265500
2013-08-27,33.02,33.02,34.50,32.880001,34.50,SCTY,1707900
2013-08-28,32.150002,32.150002,34.00,32.080002,33.84,SCTY,2317700
2013-08-29,33.049999,33.049999,33.50,31.98,32.119999,SCTY,1746500
2013-08-30,31.34,31.34,33.400002,30.200001,32.810001,SCTY,3048800
2013-09-03,29.49,29.49,31.65,29.16,31.549999,SCTY,3140500
2013-09-04,28.629999,28.629999,29.41,28.309999,29.26,SCTY,2915400
2013-09-05,30.379999,30.379999,30.60,28.799999,29.00,SCTY,3843700
2013-09-06,29.610001,29.610001,30.75,29.200001,30.65,SCTY,2075700
2013-09-09,29.889999,29.889999,30.49,28.879999,29.10,SCTY,2013300
2013-09-10,36.580002,36.580002,36.75,30.440001,30.440001,SCTY,7369200
2013-09-11,35.599998,35.599998,37.869999,34.099998,35.540001,SCTY,6010900
2013-09-12,35.799999,35.799999,37.27,35.330002,35.869999,SCTY,3225400
2013-09-13,34.23,34.23,36.110001,34.119999,36.049999,SCTY,2319800
2013-09-16,35.84,35.84,36.93,34.669998,35.299999,SCTY,3638200
2013-09-17,35.200001,35.200001,35.82,34.82,35.619999,SCTY,1542300
2013-09-18,36.400002,36.400002,36.990002,34.740002,34.990002,SCTY,3401400
2013-09-19,38.43,38.43,38.459999,36.650002,37.16,SCTY,6057900
2013-09-20,37.23,37.23,39.209999,36.310001,38.849998,SCTY,6002300
2013-09-23,35.77,35.77,38.009998,35.50,37.91,SCTY,4127000
2013-09-24,35.310001,35.310001,36.130001,34.849998,35.66,SCTY,2110600
2013-09-25,34.470001,34.470001,35.740002,34.41,35.400002,SCTY,6347200
2013-09-26,34.599998,34.599998,35.049999,34.23,34.700001,SCTY,2339100
2013-09-27,34.490002,34.490002,35.25,34.130001,34.279999,SCTY,1986300
2013-09-30,34.599998,34.599998,35.200001,32.099998,33.849998,SCTY,2258400
2013-10-01,35.779999,35.779999,36.110001,34.52,34.669998,SCTY,2418200
2013-10-02,35.50,35.50,36.209999,34.700001,35.389999,SCTY,1376900
2013-10-03,35.740002,35.740002,35.799999,34.889999,35.740002,SCTY,1955700
2013-10-04,37.650002,37.650002,37.759998,35.290001,35.709999,SCTY,2859900
2013-10-07,38.41,38.41,38.580002,36.549999,37.099998,SCTY,2995700
2013-10-08,39.00,39.00,40.50,36.639999,38.810001,SCTY,5798500
2013-10-09,37.130001,37.130001,39.490002,36.32,38.779999,SCTY,3204300
2013-10-10,38.330002,38.330002,38.50,36.880001,37.650002,SCTY,2087900
2013-10-11,47.18,47.18,48.130001,41.849998,42.00,SCTY,17809700
2013-10-14,46.459999,46.459999,47.900002,45.93,47.169998,SCTY,7207900
2013-10-15,46.540001,46.540001,48.09,45.360001,46.50,SCTY,6690500
2013-10-16,52.380001,52.380001,52.650002,47.119999,47.709999,SCTY,14801400
2013-10-17,54.09,54.09,57.50,53.349998,53.950001,SCTY,12054100
2013-10-18,59.459999,59.459999,59.900002,54.619999,55.720001,SCTY,8955800
2013-10-21,57.52,57.52,64.50,56.990002,62.470001,SCTY,11634000
2013-10-22,59.700001,59.700001,59.970001,53.50,58.48,SCTY,7981700
2013-10-23,57.82,57.82,59.34,56.25,58.50,SCTY,4772000
2013-10-24,60.599998,60.599998,61.68,58.509998,59.75,SCTY,5309500
2013-10-25,58.029999,58.029999,61.16,57.310001,61.00,SCTY,3840500
2013-10-28,56.98,56.98,59.950001,55.330002,59.75,SCTY,4383900
2013-10-29,57.68,57.68,58.00,55.700001,57.220001,SCTY,2835200
2013-10-30,55.110001,55.110001,57.959999,54.619999,57.490002,SCTY,3190400
2013-10-31,53.349998,53.349998,54.349998,51.200001,53.540001,SCTY,4488400
2013-11-01,54.75,54.75,56.32,53.900002,55.150002,SCTY,3329400
2013-11-04,60.970001,60.970001,65.300003,56.490002,56.50,SCTY,12349800
2013-11-05,62.77,62.77,64.389999,61.130001,62.900002,SCTY,5360300
2013-11-06,59.650002,59.650002,61.950001,57.529999,61.84,SCTY,6380200
2013-11-07,49.689999,49.689999,56.200001,48.50,53.75,SCTY,13238000
2013-11-08,50.18,50.18,50.700001,47.720001,49.50,SCTY,6568600
2013-11-11,53.68,53.68,53.75,50.00,50.700001,SCTY,5241500
2013-11-12,52.560001,52.560001,53.98,51.720001,53.77,SCTY,3342400
2013-11-13,53.919998,53.919998,55.00,52.259998,52.299999,SCTY,4067100
2013-11-14,56.23,56.23,59.639999,54.639999,58.150002,SCTY,7717200
2013-11-15,55.349998,55.349998,58.189999,55.150002,57.43,SCTY,4269000
2013-11-18,50.77,50.77,56.73,48.830002,56.040001,SCTY,7547400
2013-11-19,46.720001,46.720001,50.950001,45.59,50.759998,SCTY,7948800
2013-11-20,45.91,45.91,48.700001,45.759998,47.810001,SCTY,4055200
2013-11-21,48.02,48.02,48.599998,46.00,46.380001,SCTY,4865300
2013-11-22,46.59,46.59,49.189999,46.009998,48.369999,SCTY,3499800
2013-11-25,44.709999,44.709999,48.450001,43.700001,48.00,SCTY,4947900
2013-11-26,45.240002,45.240002,46.18,42.380001,44.07,SCTY,4435900
2013-11-27,49.07,49.07,49.099998,44.470001,45.310001,SCTY,5255000
2013-11-29,52.279999,52.279999,52.299999,49.25,49.369999,SCTY,4895400
2013-12-02,50.860001,50.860001,53.040001,50.560001,50.889999,SCTY,4420100
2013-12-03,52.459999,52.459999,52.650002,50.509998,51.330002,SCTY,3749000
2013-12-04,52.169998,52.169998,53.75,51.380001,51.939999,SCTY,3324000
2013-12-05,53.889999,53.889999,55.650002,53.23,53.68,SCTY,5670900
2013-12-06,53.720001,53.720001,55.689999,52.529999,54.560001,SCTY,4003900
2013-12-09,51.830002,51.830002,54.27,51.299999,53.50,SCTY,3430600
2013-12-10,53.369999,53.369999,53.68,50.57,51.189999,SCTY,3365600
2013-12-11,51.080002,51.080002,53.50,51.00,52.919998,SCTY,2305300
2013-12-12,52.27,52.27,53.189999,49.450001,50.419998,SCTY,3717000
2013-12-13,51.16,51.16,54.00,50.900002,52.310001,SCTY,3449100
2013-12-16,51.790001,51.790001,52.330002,50.610001,51.50,SCTY,2505600
2013-12-17,52.41,52.41,53.889999,51.57,51.68,SCTY,5359300
2013-12-18,52.790001,52.790001,53.290001,51.02,52.549999,SCTY,3511700
2013-12-19,56.900002,56.900002,58.00,52.220001,52.650002,SCTY,7376300
2013-12-20,55.799999,55.799999,58.099998,55.599998,57.75,SCTY,4064600
2013-12-23,56.50,56.50,56.790001,54.610001,56.080002,SCTY,2286000
2013-12-24,56.130001,56.130001,57.98,55.82,56.73,SCTY,1348900
2013-12-26,57.259998,57.259998,59.00,56.279999,56.279999,SCTY,3133800
2013-12-27,56.93,56.93,58.75,56.810001,57.599998,SCTY,2655100
2013-12-30,57.349998,57.349998,58.459999,56.75,57.02,SCTY,2313300
2013-12-31,56.82,56.82,57.689999,55.669998,57.389999,SCTY,1798800
2014-01-02,59.709999,59.709999,60.52,55.560001,56.540001,SCTY,4243200
2014-01-03,59.27,59.27,61.200001,57.700001,59.810001,SCTY,3234900
2014-01-06,63.610001,63.610001,67.139999,63.040001,65.099998,SCTY,10376200
2014-01-07,63.720001,63.720001,64.669998,62.650002,64.00,SCTY,4709600
2014-01-08,66.18,66.18,66.599998,63.27,63.27,SCTY,3743800
2014-01-09,67.489998,67.489998,69.910004,65.339996,68.82,SCTY,7671100
2014-01-10,66.800003,66.800003,68.459999,65.900002,67.550003,SCTY,3405800
2014-01-13,62.52,62.52,66.800003,61.169998,66.760002,SCTY,5135500
2014-01-14,65.550003,65.550003,66.599998,61.34,63.049999,SCTY,4427700
2014-01-15,68.50,68.50,69.50,66.620003,67.940002,SCTY,5653300
2014-01-16,76.800003,76.800003,77.239998,71.57,71.800003,SCTY,11220800
2014-01-17,75.110001,75.110001,79.860001,74.449997,78.309998,SCTY,7492000
2014-01-21,75.139999,75.139999,75.879997,71.839996,72.879997,SCTY,4324100
2014-01-22,74.57,74.57,76.760002,74.150002,75.839996,SCTY,3434700
2014-01-23,73.889999,73.889999,73.900002,71.720001,73.720001,SCTY,2840600
2014-01-24,70.480003,70.480003,72.910004,69.209999,72.220001,SCTY,4340300
2014-01-27,69.940002,69.940002,72.00,66.779999,69.349998,SCTY,4587100
2014-01-28,74.07,74.07,74.129997,71.00,71.290001,SCTY,3233400
2014-01-29,72.099998,72.099998,74.199997,71.50,72.489998,SCTY,2724400
2014-01-30,75.699997,75.699997,77.50,73.239998,73.800003,SCTY,3691100
2014-01-31,74.089996,74.089996,76.029999,73.50,74.309998,SCTY,2274400
2014-02-03,69.830002,69.830002,75.75,69.010002,74.419998,SCTY,3778200
2014-02-04,72.209999,72.209999,72.800003,70.330002,71.519997,SCTY,2762400
2014-02-05,69.480003,69.480003,72.00,65.610001,71.50,SCTY,4766600
2014-02-06,68.779999,68.779999,71.370003,68.199997,70.110001,SCTY,2216600
2014-02-07,71.309998,71.309998,71.400002,67.650002,70.370003,SCTY,3232000
2014-02-10,72.900002,72.900002,75.290001,72.650002,72.75,SCTY,4179700
2014-02-11,70.029999,70.029999,74.00,69.970001,73.75,SCTY,3426800
2014-02-12,71.419998,71.419998,71.980003,70.370003,71.379997,SCTY,2517700
2014-02-13,75.870003,75.870003,76.25,69.400002,70.339996,SCTY,4168500
2014-02-14,74.00,74.00,76.400002,73.099998,75.699997,SCTY,3438100
2014-02-18,79.949997,79.949997,79.989998,75.00,75.410004,SCTY,5810300
2014-02-19,74.010002,74.010002,78.900002,73.739998,78.580002,SCTY,6254100
2014-02-20,75.519997,75.519997,76.769997,74.389999,76.620003,SCTY,3319100
2014-02-21,75.860001,75.860001,77.400002,74.910004,76.50,SCTY,3812500
2014-02-24,78.550003,78.550003,78.870003,75.459999,76.510002,SCTY,6565000
2014-02-25,81.18,81.18,83.790001,76.00,76.82,SCTY,12770800
2014-02-26,84.93,84.93,88.349998,81.18,83.540001,SCTY,9052600
2014-02-27,86.139999,86.139999,87.550003,83.68,87.00,SCTY,5363200
2014-02-28,84.959999,84.959999,88.230003,82.00,86.93,SCTY,6305400
2014-03-03,83.260002,83.260002,83.919998,81.010002,83.029999,SCTY,4405600
2014-03-04,82.639999,82.639999,86.339996,82.209999,84.080002,SCTY,5863200
2014-03-05,80.419998,80.419998,83.599998,77.519997,82.980003,SCTY,7014400
2014-03-06,80.07,80.07,82.370003,79.209999,81.480003,SCTY,5255700
2014-03-07,77.800003,77.800003,80.93,76.25,80.550003,SCTY,4859200
2014-03-10,75.650002,75.650002,77.900002,74.389999,76.370003,SCTY,4148200
2014-03-11,73.349998,73.349998,77.099998,72.18,75.349998,SCTY,4784800
2014-03-12,78.50,78.50,78.50,74.00,74.370003,SCTY,5980900
2014-03-13,74.080002,74.080002,79.339996,72.50,78.989998,SCTY,5951200
2014-03-14,73.790001,73.790001,74.900002,72.660004,73.559998,SCTY,3510500
2014-03-17,73.699997,73.699997,76.709999,73.400002,75.279999,SCTY,3218300
2014-03-18,77.099998,77.099998,77.43,73.75,74.739998,SCTY,5281300
2014-03-19,72.699997,72.699997,76.75,70.900002,76.169998,SCTY,8624400
2014-03-20,69.550003,69.550003,74.089996,69.169998,72.580002,SCTY,5132800
2014-03-21,65.050003,65.050003,70.00,64.639999,69.610001,SCTY,8515800
2014-03-24,62.580002,62.580002,64.68,58.740002,64.019997,SCTY,9820700
2014-03-25,63.259998,63.259998,65.699997,62.549999,64.150002,SCTY,6034300
2014-03-26,60.119999,60.119999,65.040001,60.029999,63.610001,SCTY,5239000
2014-03-27,60.740002,60.740002,61.849998,56.619999,59.299999,SCTY,5333400
2014-03-28,61.380001,61.380001,64.279999,61.00,63.450001,SCTY,4978900
2014-03-31,62.619999,62.619999,63.759998,60.630001,63.07,SCTY,3654900
2014-04-01,65.010002,65.010002,65.010002,62.119999,62.790001,SCTY,4547900
2014-04-02,63.75,63.75,65.779999,63.00,65.470001,SCTY,4028100
2014-04-03,60.50,60.50,64.769997,59.50,63.450001,SCTY,4865300
2014-04-04,59.080002,59.080002,63.68,58.150002,61.98,SCTY,7681000
2014-04-07,54.299999,54.299999,59.009998,53.02,57.07,SCTY,8178700
2014-04-08,55.900002,55.900002,56.50,53.799999,54.189999,SCTY,5329400
2014-04-09,57.509998,57.509998,57.57,55.049999,56.650002,SCTY,5018200
2014-04-10,55.130001,55.130001,60.349998,54.990002,59.290001,SCTY,6999400
2014-04-11,53.700001,53.700001,56.93,53.029999,53.259998,SCTY,5873300
2014-04-14,54.040001,54.040001,56.50,52.68,55.00,SCTY,4080400
2014-04-15,53.43,53.43,55.029999,50.50,54.00,SCTY,5749900
2014-04-16,56.110001,56.110001,56.23,52.759998,54.43,SCTY,4271500
2014-04-17,56.720001,56.720001,58.639999,55.759998,57.200001,SCTY,4904100
2014-04-21,57.130001,57.130001,57.75,55.560001,57.220001,SCTY,3111300
2014-04-22,60.91,60.91,61.900002,57.279999,57.41,SCTY,6065700
2014-04-23,59.220001,59.220001,60.869999,58.25,60.830002,SCTY,3827500
2014-04-24,58.32,58.32,60.25,57.259998,60.099998,SCTY,3404000
2014-04-25,55.400002,55.400002,58.27,55.009998,57.220001,SCTY,3551400
2014-04-28,52.900002,52.900002,56.139999,50.75,55.48,SCTY,4774800
2014-04-29,52.630001,52.630001,53.650002,51.599998,52.990002,SCTY,5081500
2014-04-30,53.25,53.25,53.50,51.700001,52.00,SCTY,3194100
2014-05-01,54.599998,54.599998,56.77,52.610001,52.970001,SCTY,3567500
2014-05-02,54.23,54.23,55.799999,53.43,54.799999,SCTY,2236400
2014-05-05,55.470001,55.470001,55.68,53.330002,53.50,SCTY,2474300
2014-05-06,52.459999,52.459999,56.389999,52.200001,55.209999,SCTY,3594200
2014-05-07,47.709999,47.709999,53.50,45.790001,52.619999,SCTY,9662300
2014-05-08,53.599998,53.599998,57.389999,50.040001,51.560001,SCTY,15371200
2014-05-09,52.040001,52.040001,54.720001,51.529999,53.599998,SCTY,5884100
2014-05-12,54.119999,54.119999,54.299999,51.119999,52.619999,SCTY,6349300
2014-05-13,54.380001,54.380001,55.400002,53.189999,53.740002,SCTY,4248800
2014-05-14,54.360001,54.360001,56.619999,53.549999,54.169998,SCTY,4000500
2014-05-15,51.25,51.25,54.779999,50.200001,54.09,SCTY,5828200
2014-05-16,50.189999,50.189999,51.25,49.099998,51.00,SCTY,4049800
2014-05-19,49.68,49.68,51.060001,49.400002,49.669998,SCTY,3617000
2014-05-20,48.080002,48.080002,50.34,47.349998,49.75,SCTY,4753300
2014-05-21,49.32,49.32,49.91,47.779999,48.290001,SCTY,3302300
2014-05-22,51.09,51.09,51.75,48.490002,49.369999,SCTY,3801000
2014-05-23,52.049999,52.049999,52.369999,50.41,50.990002,SCTY,3558200
2014-05-27,53.189999,53.189999,53.869999,52.50,52.790001,SCTY,3009000
2014-05-28,51.98,51.98,53.439999,51.290001,52.939999,SCTY,2937000
2014-05-29,55.07,55.07,55.900002,52.099998,52.139999,SCTY,5704400
2014-05-30,52.50,52.50,55.880001,51.639999,55.00,SCTY,4915100
2014-06-02,51.27,51.27,52.970001,49.669998,52.529999,SCTY,3766300
2014-06-03,49.209999,49.209999,51.099998,48.900002,51.02,SCTY,4053000
2014-06-04,48.66,48.66,50.400002,46.110001,47.709999,SCTY,8288900
2014-06-05,50.799999,50.799999,51.439999,48.279999,48.75,SCTY,5637700
2014-06-06,50.240002,50.240002,51.34,49.599998,50.91,SCTY,3506400
2014-06-09,49.619999,49.619999,51.080002,49.110001,50.080002,SCTY,3027700
2014-06-10,49.189999,49.189999,50.189999,48.529999,49.50,SCTY,2306800
2014-06-11,50.810001,50.810001,51.00,48.130001,48.950001,SCTY,3663900
2014-06-12,50.650002,50.650002,52.450001,49.91,50.66,SCTY,3692900
2014-06-13,52.450001,52.450001,52.450001,50.25,50.84,SCTY,3092300
2014-06-16,54.880001,54.880001,55.169998,52.099998,52.169998,SCTY,5623600
2014-06-17,64.529999,64.529999,65.68,54.25,54.990002,SCTY,24195300
2014-06-18,67.150002,67.150002,68.300003,61.549999,63.169998,SCTY,18464300
2014-06-19,67.949997,67.949997,68.900002,66.010002,67.50,SCTY,10392800
2014-06-20,69.00,69.00,69.860001,66.769997,67.690002,SCTY,9897700
2014-06-23,70.00,70.00,70.800003,67.699997,68.800003,SCTY,7262400
2014-06-24,68.040001,68.040001,71.190002,67.660004,69.949997,SCTY,6630700
2014-06-25,69.010002,69.010002,70.199997,67.199997,67.900002,SCTY,5474100
2014-06-26,70.800003,70.800003,72.099998,69.419998,69.449997,SCTY,7577600
2014-06-27,70.870003,70.870003,71.800003,70.059998,70.300003,SCTY,5484100
2014-06-30,70.599998,70.599998,71.959999,70.400002,71.389999,SCTY,3598900
2014-07-01,71.220001,71.220001,72.25,69.599998,70.720001,SCTY,4425100
2014-07-02,72.110001,72.110001,76.059998,72.010002,74.110001,SCTY,6363500
2014-07-03,71.339996,71.339996,73.279999,70.389999,73.050003,SCTY,3050800
2014-07-07,68.400002,68.400002,71.879997,68.18,70.839996,SCTY,3408600
2014-07-08,64.610001,64.610001,68.68,63.330002,68.330002,SCTY,7041600
2014-07-09,66.43,66.43,66.790001,64.339996,65.290001,SCTY,3810200
2014-07-10,65.580002,65.580002,66.300003,62.50,63.34,SCTY,3919700
2014-07-11,65.779999,65.779999,67.739998,65.739998,66.129997,SCTY,3883100
2014-07-14,66.839996,66.839996,68.75,65.330002,66.449997,SCTY,3755300
2014-07-15,65.370003,65.370003,67.480003,64.669998,66.849998,SCTY,3140300
2014-07-16,64.860001,64.860001,66.169998,64.720001,65.730003,SCTY,2423100
2014-07-17,63.689999,63.689999,65.879997,63.400002,64.43,SCTY,2708900
2014-07-18,66.360001,66.360001,66.400002,63.759998,63.790001,SCTY,2992700
2014-07-21,68.870003,68.870003,68.93,65.480003,65.980003,SCTY,3388400
2014-07-22,69.709999,69.709999,70.190002,67.879997,69.059998,SCTY,2713700
2014-07-23,69.419998,69.419998,70.519997,68.089996,69.419998,SCTY,2529300
2014-07-24,72.160004,72.160004,73.470001,69.110001,69.120003,SCTY,4566400
2014-07-25,72.57,72.57,73.699997,71.110001,71.669998,SCTY,3591300
2014-07-28,71.849998,71.849998,73.790001,70.050003,71.379997,SCTY,3865300
2014-07-29,73.75,73.75,74.970001,71.830002,71.949997,SCTY,3904000
2014-07-30,74.290001,74.290001,74.589996,73.199997,74.010002,SCTY,2722200
2014-07-31,71.529999,71.529999,74.00,71.220001,73.190002,SCTY,3300200
2014-08-01,69.809998,69.809998,72.57,68.25,70.589996,SCTY,4227500
2014-08-04,70.059998,70.059998,70.660004,67.800003,70.480003,SCTY,3856300
2014-08-05,71.25,71.25,71.620003,69.309998,69.809998,SCTY,3238000
2014-08-06,72.860001,72.860001,73.449997,69.599998,69.980003,SCTY,4255700
2014-08-07,75.629997,75.629997,76.800003,73.529999,73.559998,SCTY,8059200
2014-08-08,70.139999,70.139999,79.400002,69.519997,76.110001,SCTY,13647700
2014-08-11,73.400002,73.400002,74.25,70.230003,71.019997,SCTY,5727400
2014-08-12,70.709999,70.709999,73.470001,70.059998,73.029999,SCTY,3962300
2014-08-13,71.080002,71.080002,71.959999,70.199997,71.50,SCTY,2960900
2014-08-14,71.190002,71.190002,71.879997,69.099998,71.410004,SCTY,2625300
2014-08-15,71.809998,71.809998,72.959999,70.779999,71.480003,SCTY,3386400
2014-08-18,72.050003,72.050003,73.50,71.900002,72.080002,SCTY,2600700
2014-08-19,70.790001,70.790001,71.900002,70.019997,71.029999,SCTY,3106300
2014-08-20,70.480003,70.480003,71.459999,69.800003,70.599998,SCTY,1584100
2014-08-21,69.900002,69.900002,71.599998,69.849998,70.940002,SCTY,1855900
2014-08-22,70.730003,70.730003,70.919998,69.099998,69.889999,SCTY,1964900
2014-08-25,71.389999,71.389999,72.910004,71.120003,71.50,SCTY,2110200
2014-08-26,70.480003,70.480003,71.32,69.599998,71.32,SCTY,2812300
2014-08-27,69.889999,69.889999,72.050003,69.669998,71.279999,SCTY,2066700
2014-08-28,68.629997,68.629997,69.690002,68.50,69.300003,SCTY,1957500
2014-08-29,68.68,68.68,69.75,68.43,69.370003,SCTY,1597600
2014-09-02,67.639999,67.639999,69.400002,66.800003,69.379997,SCTY,3294600
2014-09-03,67.720001,67.720001,68.400002,67.059998,68.110001,SCTY,2915200
2014-09-04,70.949997,70.949997,71.949997,68.309998,68.790001,SCTY,5583100
2014-09-05,70.080002,70.080002,71.410004,68.519997,70.629997,SCTY,3431200
2014-09-08,72.00,72.00,72.989998,70.110001,70.220001,SCTY,3281900
2014-09-09,70.639999,70.639999,73.599998,70.120003,72.040001,SCTY,2751200
2014-09-10,70.989998,70.989998,71.50,69.339996,70.889999,SCTY,2237100
2014-09-11,71.269997,71.269997,71.849998,70.029999,70.889999,SCTY,1924500
2014-09-12,74.010002,74.010002,75.900002,71.00,71.589996,SCTY,5474400
2014-09-15,67.360001,67.360001,73.959999,66.599998,73.559998,SCTY,6425500
2014-09-16,67.129997,67.129997,68.440002,65.879997,67.559998,SCTY,4257300
2014-09-17,67.00,67.00,68.75,66.650002,68.040001,SCTY,2863000
2014-09-18,65.989998,65.989998,68.720001,65.25,67.529999,SCTY,3432500
2014-09-19,64.610001,64.610001,66.519997,62.540001,66.110001,SCTY,4697800
2014-09-22,60.84,60.84,64.209999,59.630001,64.019997,SCTY,6305800
2014-09-23,60.400002,60.400002,62.560001,59.23,60.040001,SCTY,4632500
2014-09-24,63.040001,63.040001,65.599998,61.700001,62.529999,SCTY,8615100
2014-09-25,61.959999,61.959999,63.299999,60.049999,63.080002,SCTY,8086800
2014-09-26,61.919998,61.919998,63.360001,61.16,62.119999,SCTY,4749400
2014-09-29,61.200001,61.200001,62.139999,60.540001,60.900002,SCTY,3800500
2014-09-30,59.599998,59.599998,62.00,58.43,61.560001,SCTY,5318300
2014-10-01,56.470001,56.470001,59.07,55.209999,59.07,SCTY,6535800
2014-10-02,57.310001,57.310001,58.099998,55.23,57.889999,SCTY,4808500
2014-10-03,59.00,59.00,59.950001,57.450001,58.220001,SCTY,4014700
2014-10-06,57.75,57.75,60.200001,56.41,60.009998,SCTY,4804200
2014-10-07,54.549999,54.549999,57.50,54.07,57.009998,SCTY,4622800
2014-10-08,56.48,56.48,57.099998,53.549999,55.869999,SCTY,5889600
2014-10-09,54.279999,54.279999,57.57,53.52,56.25,SCTY,4596800
2014-10-10,53.549999,53.549999,56.16,52.25,53.209999,SCTY,4948900
2014-10-13,48.349998,48.349998,54.00,48.209999,53.66,SCTY,7612000
2014-10-14,49.709999,49.709999,50.950001,46.549999,49.75,SCTY,6201600
2014-10-15,48.869999,48.869999,49.650002,45.91,47.50,SCTY,7918900
2014-10-16,50.849998,50.849998,52.34,47.009998,47.209999,SCTY,5099000
2014-10-17,51.509998,51.509998,54.23,51.00,52.75,SCTY,4878100
2014-10-20,53.919998,53.919998,54.310001,51.599998,52.009998,SCTY,3822300
2014-10-21,55.73,55.73,56.380001,54.310001,54.310001,SCTY,3507800
2014-10-22,53.919998,53.919998,57.18,53.790001,56.310001,SCTY,5066900
2014-10-23,54.099998,54.099998,55.25,52.150002,54.57,SCTY,4697000
2014-10-24,54.25,54.25,54.50,52.509998,53.950001,SCTY,2825900
2014-10-27,53.169998,53.169998,53.740002,51.860001,53.529999,SCTY,3268700
2014-10-28,55.200001,55.200001,55.84,52.709999,53.299999,SCTY,3638000
2014-10-29,54.360001,54.360001,55.259998,53.43,55.110001,SCTY,2939300
2014-10-30,56.330002,56.330002,56.380001,53.259998,53.990002,SCTY,3815900
2014-10-31,59.18,59.18,59.689999,57.349998,57.349998,SCTY,4393500
2014-11-03,58.77,58.77,61.09,58.43,59.18,SCTY,3124100
2014-11-04,56.959999,56.959999,58.34,56.220001,58.09,SCTY,3006500
2014-11-05,54.439999,54.439999,57.849998,51.450001,57.490002,SCTY,10757500
2014-11-06,51.540001,51.540001,55.130001,50.740002,55.00,SCTY,8141100
2014-11-07,50.970001,50.970001,52.189999,50.50,51.540001,SCTY,4477100
2014-11-10,51.779999,51.779999,52.189999,50.68,51.099998,SCTY,2345700
2014-11-11,50.959999,50.959999,51.75,49.98,51.689999,SCTY,3302200
2014-11-12,52.049999,52.049999,52.09,50.310001,50.599998,SCTY,2572600
2014-11-13,50.84,50.84,52.389999,50.549999,51.720001,SCTY,3490800
2014-11-14,53.02,53.02,53.400002,50.169998,50.619999,SCTY,2526100
2014-11-17,53.59,53.59,54.43,52.490002,52.939999,SCTY,2278900
2014-11-18,55.639999,55.639999,56.41,53.580002,53.779999,SCTY,3023600
2014-11-19,53.990002,53.990002,56.650002,53.869999,55.75,SCTY,2316500
2014-11-20,53.630001,53.630001,54.689999,53.25,53.720001,SCTY,1964400
2014-11-21,55.049999,55.049999,56.939999,54.82,56.759998,SCTY,3199200
2014-11-24,56.349998,56.349998,56.849998,55.650002,56.299999,SCTY,2019100
2014-11-25,56.849998,56.849998,57.50,56.099998,56.990002,SCTY,2565700
2014-11-26,56.459999,56.459999,57.349998,56.200001,56.50,SCTY,1563500
2014-11-28,55.00,55.00,56.18,54.080002,55.75,SCTY,1860000
2014-12-01,50.889999,50.889999,54.779999,50.709999,54.50,SCTY,4094400
2014-12-02,51.110001,51.110001,51.490002,50.50,51.209999,SCTY,2417400
2014-12-03,51.740002,51.740002,52.59,50.900002,51.599998,SCTY,1956200
2014-12-04,52.369999,52.369999,53.099998,51.25,51.630001,SCTY,2214700
2014-12-05,53.50,53.50,54.360001,52.150002,52.150002,SCTY,2646000
2014-12-08,51.700001,51.700001,54.099998,51.049999,53.380001,SCTY,2449400
2014-12-09,51.639999,51.639999,51.720001,49.009998,51.00,SCTY,3082600
2014-12-10,50.290001,50.290001,52.209999,49.91,51.400002,SCTY,2135400
2014-12-11,50.91,50.91,52.50,50.50,50.650002,SCTY,1949600
2014-12-12,50.02,50.02,50.779999,49.700001,50.450001,SCTY,2107800
2014-12-15,49.639999,49.639999,51.040001,49.50,50.970001,SCTY,2006500
2014-12-16,49.77,49.77,51.669998,49.049999,49.310001,SCTY,3223000
2014-12-17,50.369999,50.369999,50.650002,47.619999,50.150002,SCTY,4130100
2014-12-18,53.75,53.75,54.50,51.610001,51.650002,SCTY,3578400
2014-12-19,54.799999,54.799999,54.880001,53.009998,53.580002,SCTY,2541000
2014-12-22,54.380001,54.380001,54.900002,53.419998,54.84,SCTY,1757400
2014-12-23,55.84,55.84,55.98,53.619999,54.130001,SCTY,1884800
2014-12-24,56.759998,56.759998,56.970001,55.560001,56.00,SCTY,1326400
2014-12-26,57.139999,57.139999,57.529999,56.360001,56.439999,SCTY,1193500
2014-12-29,56.259998,56.259998,57.639999,56.02,57.00,SCTY,1363900
2014-12-30,53.889999,53.889999,55.75,53.48,55.560001,SCTY,2920700
2014-12-31,53.48,53.48,53.939999,53.029999,53.900002,SCTY,1929800
2015-01-02,52.919998,52.919998,54.099998,51.900002,53.610001,SCTY,1874100
2015-01-05,50.060001,50.060001,52.380001,49.50,51.98,SCTY,3431900
2015-01-06,49.50,49.50,50.380001,47.32,50.380001,SCTY,3422500
2015-01-07,49.330002,49.330002,51.169998,49.00,50.189999,SCTY,2017500
2015-01-08,50.91,50.91,51.189999,49.139999,50.009998,SCTY,1800900
2015-01-09,49.619999,49.619999,51.400002,49.50,50.610001,SCTY,2148000
2015-01-12,49.32,49.32,49.380001,47.639999,49.189999,SCTY,2600300
2015-01-13,51.110001,51.110001,52.279999,49.529999,49.529999,SCTY,2924500
2015-01-14,51.720001,51.720001,51.740002,49.52,50.099998,SCTY,2053100
2015-01-15,49.240002,49.240002,52.25,49.169998,52.00,SCTY,1932700
2015-01-16,48.150002,48.150002,49.830002,47.889999,49.330002,SCTY,2700800
2015-01-20,47.790001,47.790001,48.50,46.450001,48.450001,SCTY,2956600
2015-01-21,48.23,48.23,49.27,47.599998,47.790001,SCTY,1622500
2015-01-22,48.439999,48.439999,48.689999,47.50,48.380001,SCTY,1538000
2015-01-23,48.299999,48.299999,49.369999,48.00,48.220001,SCTY,1683600
2015-01-26,50.16,50.16,50.740002,48.27,48.27,SCTY,2230700
2015-01-27,50.099998,50.099998,50.630001,49.16,49.349998,SCTY,1058400
2015-01-28,49.080002,49.080002,50.880001,48.790001,50.599998,SCTY,1441000
2015-01-29,49.400002,49.400002,49.450001,47.68,49.150002,SCTY,1232900
2015-01-30,48.610001,48.610001,49.790001,48.470001,48.59,SCTY,1209600
2015-02-02,52.720001,52.720001,53.799999,48.75,48.93,SCTY,4575800
2015-02-03,54.27,54.27,54.369999,52.349998,53.009998,SCTY,2567700
2015-02-04,53.369999,53.369999,55.50,53.200001,53.669998,SCTY,1880900
2015-02-05,55.279999,55.279999,55.700001,53.419998,53.419998,SCTY,1931200
2015-02-06,55.419998,55.419998,56.450001,54.84,55.119999,SCTY,1726200
2015-02-09,56.52,56.52,56.700001,55.00,55.00,SCTY,1381800
2015-02-10,55.84,55.84,56.790001,55.029999,56.630001,SCTY,1598600
2015-02-11,56.119999,56.119999,56.549999,55.34,55.77,SCTY,1304000
2015-02-12,57.16,57.16,57.450001,56.060001,56.32,SCTY,2251400
2015-02-13,57.599998,57.599998,59.09,57.189999,57.389999,SCTY,1897000
2015-02-17,58.119999,58.119999,59.310001,57.43,58.450001,SCTY,2774500
2015-02-18,57.099998,57.099998,59.099998,56.52,57.650002,SCTY,4723000
2015-02-19,53.810001,53.810001,54.849998,51.759998,54.400002,SCTY,8241300
2015-02-20,54.439999,54.439999,54.599998,53.049999,53.939999,SCTY,2898500
2015-02-23,53.130001,53.130001,54.349998,52.68,54.09,SCTY,2192900
2015-02-24,53.040001,53.040001,56.50,52.93,53.970001,SCTY,4504400
2015-02-25,52.279999,52.279999,53.50,52.150002,53.049999,SCTY,2923800
2015-02-26,52.099998,52.099998,54.080002,52.049999,53.619999,SCTY,2834200
2015-02-27,51.360001,51.360001,52.57,51.18,52.330002,SCTY,2065700
2015-03-02,50.740002,50.740002,51.650002,50.23,51.200001,SCTY,2313200
2015-03-03,50.259998,50.259998,51.619999,50.00,50.490002,SCTY,1983200
2015-03-04,50.049999,50.049999,50.48,49.299999,50.00,SCTY,1652900
2015-03-05,51.77,51.77,52.16,50.009998,50.349998,SCTY,4697700
2015-03-06,50.450001,50.450001,52.59,50.34,51.709999,SCTY,2681100
2015-03-09,49.830002,49.830002,51.040001,49.150002,50.400002,SCTY,2217100
2015-03-10,49.720001,49.720001,50.580002,49.200001,49.299999,SCTY,2114500
2015-03-11,50.00,50.00,50.869999,49.549999,49.689999,SCTY,1822500
2015-03-12,49.700001,49.700001,50.560001,49.639999,50.099998,SCTY,1784700
2015-03-13,48.389999,48.389999,49.75,48.139999,49.43,SCTY,2515900
2015-03-16,47.529999,47.529999,48.709999,46.689999,48.50,SCTY,3021200
2015-03-17,48.82,48.82,49.290001,47.310001,47.360001,SCTY,1641300
2015-03-18,50.209999,50.209999,50.279999,48.439999,48.549999,SCTY,1965100
2015-03-19,49.759998,49.759998,50.439999,49.669998,50.00,SCTY,1021900
2015-03-20,49.889999,49.889999,50.25,49.560001,50.00,SCTY,1341500
2015-03-23,49.779999,49.779999,50.610001,49.200001,49.709999,SCTY,1267700
2015-03-24,51.50,51.50,51.650002,49.560001,49.57,SCTY,2924000
2015-03-25,50.529999,50.529999,51.860001,49.849998,51.330002,SCTY,1559500
2015-03-26,50.080002,50.080002,50.220001,49.029999,50.029999,SCTY,1432900
2015-03-27,50.169998,50.169998,50.73,49.720001,50.150002,SCTY,1024400
2015-03-30,50.57,50.57,51.830002,49.189999,50.119999,SCTY,3745500
2015-03-31,51.279999,51.279999,52.540001,49.860001,50.09,SCTY,3643000
2015-04-01,50.48,50.48,51.290001,50.00,50.91,SCTY,1694000
2015-04-02,52.310001,52.310001,52.77,50.200001,50.23,SCTY,3756500
2015-04-06,52.799999,52.799999,53.34,51.75,51.990002,SCTY,2750800
2015-04-07,52.77,52.77,54.200001,52.59,52.799999,SCTY,2952200
2015-04-08,54.330002,54.330002,54.799999,52.91,53.049999,SCTY,3819100
2015-04-09,56.049999,56.049999,56.150002,54.529999,54.970001,SCTY,5012100
2015-04-10,56.09,56.09,56.790001,55.310001,56.299999,SCTY,3428300
2015-04-13,54.740002,54.740002,56.529999,54.470001,56.09,SCTY,3611600
2015-04-14,55.099998,55.099998,55.380001,53.369999,54.549999,SCTY,3283000
2015-04-15,56.549999,56.549999,56.799999,54.82,55.73,SCTY,2393000
2015-04-16,57.009998,57.009998,57.50,56.25,56.34,SCTY,1927200
2015-04-17,55.91,55.91,56.900002,55.220001,56.50,SCTY,1973800
2015-04-20,56.529999,56.529999,56.73,55.380001,56.34,SCTY,1457000
2015-04-21,57.689999,57.689999,57.709999,56.240002,56.689999,SCTY,2071400
2015-04-22,59.09,59.09,60.50,57.799999,57.880001,SCTY,4915900
2015-04-23,60.02,60.02,60.490002,59.360001,59.490002,SCTY,2821100
2015-04-24,60.00,60.00,60.400002,59.50,60.389999,SCTY,1421000
2015-04-27,59.900002,59.900002,61.970001,59.709999,60.099998,SCTY,2792000
2015-04-28,61.23,61.23,61.900002,59.759998,60.110001,SCTY,2854800
2015-04-29,61.169998,61.169998,61.48,59.59,61.150002,SCTY,2380500
2015-04-30,60.049999,60.049999,61.330002,59.50,61.00,SCTY,2328600
2015-05-01,61.619999,61.619999,61.759998,60.080002,60.799999,SCTY,3146900
2015-05-04,61.040001,61.040001,61.450001,59.32,60.450001,SCTY,4108100
2015-05-05,59.279999,59.279999,62.139999,58.689999,60.970001,SCTY,4190700
2015-05-06,60.130001,60.130001,61.650002,58.099998,58.48,SCTY,4617800
2015-05-07,60.900002,60.900002,60.950001,59.189999,59.509998,SCTY,2434900
2015-05-08,61.209999,61.209999,61.950001,59.919998,61.580002,SCTY,3000400
2015-05-11,61.169998,61.169998,62.84,61.09,62.200001,SCTY,2412000
2015-05-12,61.509998,61.509998,62.220001,60.68,60.68,SCTY,2051800
2015-05-13,61.68,61.68,62.349998,61.02,62.200001,SCTY,1965400
2015-05-14,62.720001,62.720001,62.779999,61.099998,62.299999,SCTY,2244700
2015-05-15,62.509998,62.509998,63.790001,62.240002,62.619999,SCTY,1954500
2015-05-18,62.07,62.07,62.849998,61.349998,62.50,SCTY,5656200
2015-05-19,61.330002,61.330002,62.400002,60.900002,62.029999,SCTY,1690500
2015-05-20,61.259998,61.259998,61.470001,60.400002,61.16,SCTY,1294400
2015-05-21,62.110001,62.110001,62.849998,61.169998,61.169998,SCTY,2680900
2015-05-22,62.59,62.59,63.119999,61.799999,61.880001,SCTY,2148200
2015-05-26,61.330002,61.330002,62.59,61.290001,62.50,SCTY,1543000
2015-05-27,61.439999,61.439999,61.66,60.459999,61.400002,SCTY,1588400
2015-05-28,61.889999,61.889999,62.68,60.75,61.299999,SCTY,1789400
2015-05-29,60.119999,60.119999,62.16,60.029999,61.98,SCTY,1993600
2015-06-01,60.68,60.68,61.34,59.25,60.549999,SCTY,1899700
2015-06-02,60.610001,60.610001,61.57,59.59,60.360001,SCTY,1749700
2015-06-03,60.330002,60.330002,61.50,60.049999,60.610001,SCTY,1586300
2015-06-04,58.529999,58.529999,60.50,58.169998,60.00,SCTY,2074200
2015-06-05,58.25,58.25,58.720001,57.549999,58.310001,SCTY,1687600
2015-06-08,56.57,56.57,58.50,55.639999,58.259998,SCTY,2924700
2015-06-09,54.900002,54.900002,56.970001,54.57,56.560001,SCTY,2762200
2015-06-10,55.00,55.00,55.66,54.50,55.16,SCTY,1843500
2015-06-11,55.459999,55.459999,55.790001,54.799999,55.259998,SCTY,1560000
2015-06-12,55.18,55.18,56.209999,55.130001,55.209999,SCTY,1645500
2015-06-15,55.200001,55.200001,55.50,54.139999,54.84,SCTY,1755500
2015-06-16,56.779999,56.779999,57.00,55.240002,55.50,SCTY,2422200
2015-06-17,57.400002,57.400002,57.959999,56.84,57.400002,SCTY,1990200
2015-06-18,57.779999,57.779999,57.950001,57.049999,57.599998,SCTY,1324400
2015-06-19,57.509998,57.509998,58.040001,57.080002,58.040001,SCTY,1392100
2015-06-22,57.700001,57.700001,58.16,57.049999,57.860001,SCTY,1263300
2015-06-23,58.099998,58.099998,58.400002,57.209999,57.650002,SCTY,2115100
2015-06-24,57.009998,57.009998,58.099998,56.900002,58.049999,SCTY,1340600
2015-06-25,56.360001,56.360001,57.34,56.16,57.200001,SCTY,1454900
2015-06-26,55.860001,55.860001,56.709999,55.400002,56.709999,SCTY,2760400
2015-06-29,53.27,53.27,55.419998,52.48,54.700001,SCTY,3161800
2015-06-30,53.549999,53.549999,54.200001,52.290001,53.52,SCTY,2191000
2015-07-01,52.400002,52.400002,54.209999,52.07,53.77,SCTY,2669300
2015-07-02,52.27,52.27,52.669998,51.049999,52.470001,SCTY,1730500
2015-07-06,51.75,51.75,52.189999,51.110001,51.50,SCTY,1608100
2015-07-07,53.209999,53.209999,53.369999,50.84,51.740002,SCTY,2978400
2015-07-08,51.48,51.48,52.900002,50.919998,52.349998,SCTY,1843000
2015-07-09,51.98,51.98,53.080002,51.700001,52.529999,SCTY,1441800
2015-07-10,53.00,53.00,53.189999,52.150002,52.799999,SCTY,1207200
2015-07-13,53.389999,53.389999,53.93,52.790001,53.310001,SCTY,1623500
2015-07-14,54.259998,54.259998,55.00,53.099998,53.41,SCTY,1753000
2015-07-15,52.540001,52.540001,54.32,52.310001,54.169998,SCTY,1585600
2015-07-16,52.799999,52.799999,53.330002,52.52,52.810001,SCTY,1269100
2015-07-17,52.150002,52.150002,53.16,51.619999,52.799999,SCTY,1553400
2015-07-20,55.77,55.77,56.959999,53.759998,55.009998,SCTY,4768600
2015-07-21,56.200001,56.200001,56.59,55.119999,56.00,SCTY,1832200
2015-07-22,55.360001,55.360001,56.439999,55.310001,55.900002,SCTY,1546900
2015-07-23,53.669998,53.669998,56.099998,53.349998,55.490002,SCTY,1888200
2015-07-24,54.619999,54.619999,55.75,53.880001,55.200001,SCTY,2260000
2015-07-27,54.689999,54.689999,54.880001,53.25,53.950001,SCTY,1391700
2015-07-28,56.029999,56.029999,56.060001,53.580002,54.369999,SCTY,2089800
2015-07-29,58.049999,58.049999,58.220001,55.790001,56.07,SCTY,3415800
2015-07-30,59.580002,59.580002,59.900002,55.68,59.32,SCTY,4138100
2015-07-31,58.00,58.00,59.73,57.59,59.400002,SCTY,2505500
2015-08-03,57.919998,57.919998,58.25,56.639999,58.169998,SCTY,2177700
2015-08-04,59.00,59.00,59.349998,57.200001,57.779999,SCTY,2480300
2015-08-05,60.169998,60.169998,61.720001,59.00,59.50,SCTY,3710500
2015-08-06,55.34,55.34,60.599998,54.509998,60.00,SCTY,4944000
2015-08-07,52.25,52.25,55.279999,50.25,55.220001,SCTY,6551500
2015-08-10,51.169998,51.169998,53.09,50.759998,53.02,SCTY,3572300
2015-08-11,48.790001,48.790001,50.799999,48.75,50.580002,SCTY,3350200
2015-08-12,50.860001,50.860001,51.25,46.150002,48.50,SCTY,5697500
2015-08-13,50.060001,50.060001,51.32,49.439999,50.25,SCTY,2038100
2015-08-14,48.810001,48.810001,50.66,47.790001,50.009998,SCTY,2057000
2015-08-17,49.939999,49.939999,49.950001,47.259998,48.700001,SCTY,2586400
2015-08-18,50.619999,50.619999,50.75,49.279999,49.549999,SCTY,1681900
2015-08-19,49.18,49.18,50.619999,48.400002,50.00,SCTY,1804500
2015-08-20,46.98,46.98,49.07,46.580002,48.599998,SCTY,2238900
2015-08-21,40.990002,40.990002,46.299999,40.75,46.099998,SCTY,13149400
2015-08-24,43.869999,43.869999,48.529999,34.650002,37.110001,SCTY,10598700
2015-08-25,43.630001,43.630001,47.82,43.369999,47.82,SCTY,4650500
2015-08-26,43.049999,43.049999,45.720001,40.060001,45.549999,SCTY,6214700
2015-08-27,46.23,46.23,47.889999,44.619999,44.790001,SCTY,6014100
2015-08-28,48.00,48.00,49.68,46.549999,46.549999,SCTY,3560300
2015-08-31,48.279999,48.279999,49.349998,46.439999,47.16,SCTY,1992600
2015-09-01,46.16,46.16,47.599998,46.00,47.07,SCTY,2969500
2015-09-02,49.419998,49.419998,49.459999,46.209999,47.279999,SCTY,1540100
2015-09-03,49.790001,49.790001,51.099998,49.290001,49.740002,SCTY,3116100
2015-09-04,49.09,49.09,51.00,48.099998,48.869999,SCTY,1689800
2015-09-08,50.099998,50.099998,50.48,49.490002,50.259998,SCTY,1072600
2015-09-09,47.110001,47.110001,50.400002,47.00,50.09,SCTY,2392300
2015-09-10,48.119999,48.119999,48.330002,46.490002,46.93,SCTY,1070900
2015-09-11,48.139999,48.139999,48.950001,47.450001,47.549999,SCTY,821300
2015-09-14,48.07,48.07,48.669998,47.02,47.990002,SCTY,1207600
2015-09-15,48.970001,48.970001,49.389999,47.810001,48.09,SCTY,1273800
2015-09-16,48.200001,48.200001,49.98,48.060001,48.830002,SCTY,1597100
2015-09-17,48.50,48.50,49.650002,47.52,48.02,SCTY,1278000
2015-09-18,48.09,48.09,48.919998,47.810001,48.02,SCTY,1722400
2015-09-21,47.900002,47.900002,48.880001,47.32,48.240002,SCTY,1284200
2015-09-22,47.439999,47.439999,47.889999,46.619999,47.369999,SCTY,1042100
2015-09-23,43.779999,43.779999,47.889999,43.689999,47.41,SCTY,2594300
2015-09-24,42.990002,42.990002,44.16,40.900002,43.919998,SCTY,3431400
2015-09-25,41.330002,41.330002,44.00,41.00,43.849998,SCTY,3135100
2015-09-28,40.34,40.34,41.25,39.599998,40.990002,SCTY,2071900
2015-09-29,41.040001,41.040001,42.299999,40.169998,40.529999,SCTY,1431300
2015-09-30,42.709999,42.709999,42.869999,41.220001,41.740002,SCTY,1357800
2015-10-01,43.23,43.23,43.900002,41.220001,42.619999,SCTY,1667300
2015-10-02,46.380001,46.380001,46.490002,42.200001,42.50,SCTY,1948600
2015-10-05,47.220001,47.220001,47.889999,46.400002,46.560001,SCTY,5789500
2015-10-06,47.279999,47.279999,48.25,46.549999,47.09,SCTY,1548800
2015-10-07,47.34,47.34,48.330002,46.220001,46.900002,SCTY,1887000
2015-10-08,47.110001,47.110001,47.50,45.91,47.349998,SCTY,1720600
2015-10-09,48.939999,48.939999,49.380001,46.84,47.00,SCTY,1523400
2015-10-12,48.049999,48.049999,49.00,47.07,48.950001,SCTY,1329300
2015-10-13,47.029999,47.029999,48.59,46.860001,47.650002,SCTY,1873400
2015-10-14,46.849998,46.849998,47.830002,46.610001,46.93,SCTY,1159200
2015-10-15,46.650002,46.650002,47.700001,46.060001,46.91,SCTY,1376600
2015-10-16,44.16,44.16,46.799999,43.900002,46.380001,SCTY,2701200
2015-10-19,41.279999,41.279999,43.389999,40.110001,41.689999,SCTY,4905700
2015-10-20,39.389999,39.389999,41.580002,39.049999,41.049999,SCTY,3454000
2015-10-21,38.049999,38.049999,40.279999,38.009998,39.759998,SCTY,2820200
2015-10-22,38.900002,38.900002,39.470001,37.759998,38.18,SCTY,2627800
2015-10-23,39.240002,39.240002,40.029999,38.73,39.599998,SCTY,2363500
2015-10-26,38.84,38.84,39.549999,38.50,39.27,SCTY,1813700
2015-10-27,37.959999,37.959999,38.869999,36.43,38.450001,SCTY,2990300
2015-10-28,38.34,38.34,38.509998,37.400002,37.540001,SCTY,2508400
2015-10-29,38.07,38.07,39.169998,37.560001,38.68,SCTY,5850300
2015-10-30,29.65,29.65,31.549999,28.110001,30.98,SCTY,26329600
2015-11-02,29.440001,29.440001,29.98,28.120001,29.959999,SCTY,11229100
2015-11-03,30.17,30.17,31.889999,29.00,29.49,SCTY,8099900
2015-11-04,29.799999,29.799999,31.85,29.700001,30.85,SCTY,5031400
2015-11-05,29.719999,29.719999,30.110001,29.040001,30.00,SCTY,2601100
2015-11-06,29.049999,29.049999,29.84,28.879999,29.48,SCTY,3769500
2015-11-09,27.889999,27.889999,29.40,27.799999,29.129999,SCTY,3052000
2015-11-10,26.459999,26.459999,27.889999,25.440001,27.83,SCTY,5321800
2015-11-11,26.15,26.15,26.50,24.07,26.450001,SCTY,6639500
2015-11-12,25.07,25.07,26.33,24.91,26.07,SCTY,3394100
2015-11-13,25.85,25.85,26.299999,24.639999,24.690001,SCTY,3817300
2015-11-16,27.84,27.84,27.950001,25.33,26.27,SCTY,5287600
2015-11-17,26.00,26.00,28.09,25.58,27.870001,SCTY,5339400
2015-11-18,27.75,27.75,27.790001,26.01,26.870001,SCTY,6373600
2015-11-19,28.700001,28.700001,28.85,27.08,27.469999,SCTY,4927200
2015-11-20,29.040001,29.040001,29.68,28.52,28.860001,SCTY,3895300
2015-11-23,28.209999,28.209999,29.35,27.92,29.00,SCTY,4468800
2015-11-24,28.57,28.57,28.85,27.68,28.219999,SCTY,2711700
2015-11-25,29.26,29.26,29.459999,28.01,28.01,SCTY,1562300
2015-11-27,29.870001,29.870001,31.57,29.24,29.26,SCTY,2346000
2015-11-30,28.76,28.76,30.01,28.35,29.98,SCTY,2303100
2015-12-01,31.389999,31.389999,31.450001,28.620001,28.690001,SCTY,4324200
2015-12-02,34.349998,34.349998,34.599998,30.709999,31.129999,SCTY,7426700
2015-12-03,36.240002,36.240002,37.950001,34.689999,34.689999,SCTY,7999800
2015-12-04,35.990002,35.990002,37.00,34.860001,36.00,SCTY,2813600
2015-12-07,35.900002,35.900002,37.450001,35.599998,35.849998,SCTY,3014600
2015-12-08,34.619999,34.619999,35.400002,31.299999,34.630001,SCTY,4559700
2015-12-09,35.84,35.84,37.200001,34.32,34.619999,SCTY,2587500
2015-12-10,36.650002,36.650002,37.200001,35.200001,35.400002,SCTY,2094800
2015-12-11,37.040001,37.040001,37.799999,36.00,36.209999,SCTY,3222700
2015-12-14,41.59,41.59,42.00,37.049999,37.099998,SCTY,5390800
2015-12-15,40.049999,40.049999,44.50,39.099998,41.130001,SCTY,6980700
2015-12-16,53.689999,53.689999,55.290001,46.049999,46.349998,SCTY,17798800
2015-12-17,57.259998,57.259998,58.869999,55.349998,56.939999,SCTY,9928900
2015-12-18,56.91,56.91,58.799999,52.34,53.93,SCTY,7780100
2015-12-21,55.09,55.09,58.50,55.00,57.400002,SCTY,4952400
2015-12-22,51.32,51.32,53.799999,51.23,53.400002,SCTY,6838000
2015-12-23,51.48,51.48,54.00,51.400002,51.43,SCTY,2620200
2015-12-24,51.98,51.98,53.00,50.299999,51.209999,SCTY,1625300
2015-12-28,51.310001,51.310001,52.50,50.830002,51.34,SCTY,2116000
2015-12-29,49.740002,49.740002,51.779999,48.389999,51.389999,SCTY,2862300
2015-12-30,50.799999,50.799999,52.220001,49.07,49.139999,SCTY,3212400
2015-12-31,51.02,51.02,51.490002,49.349998,50.50,SCTY,1537400
2016-01-04,52.790001,52.790001,52.939999,48.380001,49.290001,SCTY,3017200
2016-01-05,50.439999,50.439999,53.610001,49.549999,53.610001,SCTY,2427200
2016-01-06,50.200001,50.200001,51.450001,49.299999,49.299999,SCTY,1957200
2016-01-07,47.07,47.07,49.43,46.200001,48.740002,SCTY,2485600
2016-01-08,48.810001,48.810001,49.34,47.630001,47.75,SCTY,2139300
2016-01-11,47.689999,47.689999,49.389999,47.139999,48.869999,SCTY,1677600
2016-01-12,44.720001,44.720001,47.98,43.099998,47.84,SCTY,3360200
2016-01-13,42.759998,42.759998,45.880001,42.009998,44.880001,SCTY,2916300
2016-01-14,37.119999,37.119999,41.00,36.150002,40.68,SCTY,7029600
2016-01-15,35.200001,35.200001,37.450001,33.889999,35.00,SCTY,4524000
2016-01-19,31.09,31.09,35.490002,30.309999,35.27,SCTY,5349700
2016-01-20,33.82,33.82,34.880001,27.50,30.01,SCTY,6392700
2016-01-21,31.77,31.77,35.509998,30.879999,33.07,SCTY,5220000
2016-01-22,32.040001,32.040001,34.310001,31.32,33.470001,SCTY,3422700
2016-01-25,30.620001,30.620001,32.099998,30.139999,32.060001,SCTY,2618600
2016-01-26,34.240002,34.240002,35.080002,30.049999,31.030001,SCTY,4302400
2016-01-27,32.84,32.84,34.740002,32.700001,33.43,SCTY,2074200
2016-01-28,35.619999,35.619999,38.400002,33.580002,34.290001,SCTY,6063400
2016-01-29,35.650002,35.650002,37.099998,34.75,36.50,SCTY,3266600
2016-02-01,33.759998,33.759998,35.849998,33.66,35.200001,SCTY,2156700
2016-02-02,32.040001,32.040001,33.580002,30.299999,33.560001,SCTY,3234100
2016-02-03,31.360001,31.360001,33.09,30.23,32.34,SCTY,3214900
2016-02-04,29.49,29.49,32.049999,28.559999,31.42,SCTY,5239200
2016-02-05,29.57,29.57,30.610001,28.40,29.219999,SCTY,3840700
2016-02-08,27.940001,27.940001,30.40,26.559999,29.10,SCTY,4021200
2016-02-09,26.35,26.35,28.219999,25.35,27.049999,SCTY,8016900
2016-02-10,18.629999,18.629999,21.950001,18.26,19.42,SCTY,33088700
2016-02-11,16.67,16.67,19.43,16.309999,18.690001,SCTY,14668400
2016-02-12,17.379999,17.379999,18.24,16.90,17.299999,SCTY,7317600
2016-02-16,18.370001,18.370001,19.120001,17.959999,18.67,SCTY,6334900
2016-02-17,20.790001,20.790001,22.75,18.75,18.99,SCTY,12729100
2016-02-18,20.049999,20.049999,22.00,19.41,21.950001,SCTY,9806500
2016-02-19,18.82,18.82,19.99,18.709999,19.67,SCTY,4710800
2016-02-22,19.08,19.08,19.780001,18.799999,19.549999,SCTY,4032400
2016-02-23,17.950001,17.950001,18.950001,17.82,18.76,SCTY,5195300
2016-02-24,18.90,18.90,19.299999,17.27,17.66,SCTY,5554800
2016-02-25,18.639999,18.639999,19.27,18.25,19.00,SCTY,4282300
2016-02-26,18.799999,18.799999,19.530001,18.51,19.10,SCTY,3810200
2016-02-29,18.43,18.43,19.40,18.40,19.00,SCTY,3339800
2016-03-01,18.01,18.01,18.85,17.719999,18.82,SCTY,4025900
2016-03-02,19.459999,19.459999,19.799999,18.030001,18.360001,SCTY,4753300
2016-03-03,22.49,22.49,23.84,19.23,19.85,SCTY,13498100
2016-03-04,22.389999,22.389999,25.00,21.40,22.49,SCTY,10792600
2016-03-07,24.190001,24.190001,24.77,22.629999,22.639999,SCTY,7431300
2016-03-08,25.08,25.08,26.90,24.379999,25.969999,SCTY,9030700
2016-03-09,26.200001,26.200001,26.75,25.15,25.469999,SCTY,5636300
2016-03-10,26.15,26.15,26.90,25.35,26.85,SCTY,4587300
2016-03-11,25.690001,25.690001,26.41,25.389999,26.18,SCTY,3085700
2016-03-14,26.93,26.93,27.25,25.110001,25.60,SCTY,4029300
2016-03-15,27.370001,27.370001,28.290001,26.50,27.00,SCTY,4517100
2016-03-16,26.809999,26.809999,27.73,26.40,27.139999,SCTY,2680100
2016-03-17,26.76,26.76,27.450001,25.75,27.26,SCTY,3891700
2016-03-18,27.059999,27.059999,27.67,26.860001,27.440001,SCTY,3503300
2016-03-21,26.559999,26.559999,27.40,26.299999,26.91,SCTY,2345000
2016-03-22,24.77,24.77,26.60,24.540001,26.24,SCTY,3826800
2016-03-23,22.360001,22.360001,24.959999,22.049999,24.50,SCTY,7441800
2016-03-24,22.219999,22.219999,23.299999,21.25,21.799999,SCTY,3872800
2016-03-28,21.690001,21.690001,22.440001,21.49,22.219999,SCTY,2735600
2016-03-29,22.469999,22.469999,22.74,21.01,21.16,SCTY,2599100
2016-03-30,23.309999,23.309999,23.40,22.25,23.00,SCTY,3194400
2016-03-31,24.58,24.58,25.110001,23.32,23.34,SCTY,3865200
2016-04-01,24.280001,24.280001,25.74,23.959999,25.27,SCTY,3577000
2016-04-04,25.00,25.00,25.379999,24.50,24.50,SCTY,2488500
2016-04-05,26.73,26.73,27.25,24.50,24.67,SCTY,4120900
2016-04-06,27.98,27.98,29.24,26.60,26.75,SCTY,5718700
2016-04-07,27.00,27.00,28.90,26.200001,28.450001,SCTY,4005900
2016-04-08,27.99,27.99,29.43,27.700001,28.059999,SCTY,6078600
2016-04-11,28.280001,28.280001,29.450001,28.10,28.950001,SCTY,4032100
2016-04-12,29.43,29.43,29.60,28.26,28.82,SCTY,3070000
2016-04-13,29.379999,29.379999,29.639999,28.34,29.459999,SCTY,4667700
2016-04-14,29.290001,29.290001,29.67,29.00,29.50,SCTY,2420000
2016-04-15,29.040001,29.040001,29.379999,28.629999,29.049999,SCTY,2299400
2016-04-18,30.25,30.25,31.18,28.35,28.50,SCTY,4985300
2016-04-19,30.280001,30.280001,30.85,29.76,30.610001,SCTY,3609800
2016-04-20,32.650002,32.650002,34.349998,30.299999,30.40,SCTY,9406000
2016-04-21,33.869999,33.869999,35.00,32.75,32.75,SCTY,5895100
2016-04-22,33.34,33.34,35.23,32.82,34.040001,SCTY,5529200
2016-04-25,31.18,31.18,33.939999,30.709999,33.00,SCTY,6975900
2016-04-26,33.00,33.00,33.599998,31.50,31.559999,SCTY,3693600
2016-04-27,33.310001,33.310001,34.439999,32.82,32.990002,SCTY,4913000
2016-04-28,32.240002,32.240002,34.169998,32.00,32.990002,SCTY,3263800
2016-04-29,30.32,30.32,33.150002,29.40,32.68,SCTY,6048000
2016-05-02,29.549999,29.549999,30.25,28.35,30.049999,SCTY,4678000
2016-05-03,26.450001,26.450001,29.950001,26.280001,29.799999,SCTY,8318500
2016-05-04,23.65,23.65,27.780001,23.01,26.74,SCTY,10459800
2016-05-05,21.67,21.67,25.00,21.27,24.35,SCTY,12440000
2016-05-06,21.84,21.84,22.75,20.809999,21.08,SCTY,9446300
2016-05-09,22.51,22.51,22.639999,21.00,22.00,SCTY,9781700
2016-05-10,17.82,17.82,17.85,16.50,17.790001,SCTY,26960700
2016-05-11,18.690001,18.690001,20.719999,18.00,18.01,SCTY,15523500
2016-05-12,18.92,18.92,20.00,17.879999,19.25,SCTY,9987400
2016-05-13,19.60,19.60,19.90,18.58,18.870001,SCTY,4933600
2016-05-16,20.059999,20.059999,20.66,19.82,20.200001,SCTY,4891200
2016-05-17,20.50,20.50,20.870001,19.809999,20.18,SCTY,4470000
2016-05-18,20.00,20.00,21.200001,19.870001,20.34,SCTY,5653000
2016-05-19,20.370001,20.370001,20.83,19.40,19.82,SCTY,4416900
2016-05-20,21.940001,21.940001,22.00,20.33,20.450001,SCTY,5855200
2016-05-23,24.049999,24.049999,24.360001,21.860001,21.950001,SCTY,8751000
2016-05-24,23.74,23.74,25.200001,23.00,24.10,SCTY,9026400
2016-05-25,24.07,24.07,24.49,23.200001,24.33,SCTY,4402800
2016-05-26,23.73,23.73,24.190001,23.25,24.00,SCTY,3188000
2016-05-27,22.26,22.26,23.440001,22.15,23.299999,SCTY,5615200
2016-05-31,22.389999,22.389999,23.00,22.219999,22.299999,SCTY,3571600
2016-06-01,21.41,21.41,22.440001,21.309999,22.00,SCTY,4242800
2016-06-02,21.700001,21.700001,21.870001,21.15,21.43,SCTY,2498500
2016-06-03,21.639999,21.639999,22.32,21.25,21.50,SCTY,2132800
2016-06-06,23.969999,23.969999,23.98,21.57,21.60,SCTY,5354800
2016-06-07,23.290001,23.290001,24.08,22.65,23.889999,SCTY,6875200
2016-06-08,23.07,23.07,24.77,22.809999,23.370001,SCTY,9530900
2016-06-09,22.66,22.66,24.299999,22.610001,24.280001,SCTY,6300600
2016-06-10,21.23,21.23,22.15,21.01,22.00,SCTY,6064800
2016-06-13,20.77,20.77,21.780001,20.57,21.00,SCTY,2750200
2016-06-14,20.51,20.51,21.459999,20.379999,20.709999,SCTY,2945300
2016-06-15,21.07,21.07,22.190001,20.65,20.65,SCTY,4560700
2016-06-16,21.23,21.23,21.49,20.75,21.389999,SCTY,3345300
2016-06-17,21.32,21.32,22.00,21.25,21.51,SCTY,3062900
2016-06-20,21.879999,21.879999,22.50,21.66,21.98,SCTY,4459100
2016-06-21,21.190001,21.190001,22.00,20.799999,21.860001,SCTY,6650600
2016-06-22,21.879999,21.879999,23.799999,21.709999,23.76,SCTY,26388000
2016-06-23,21.98,21.98,21.99,20.57,21.35,SCTY,9448000
2016-06-24,22.200001,22.200001,22.200001,20.50,20.60,SCTY,8242100
2016-06-27,22.620001,22.620001,22.879999,21.219999,21.76,SCTY,6912600
2016-06-28,23.75,23.75,24.00,23.18,23.40,SCTY,7909800
2016-06-29,24.290001,24.290001,24.74,23.66,24.00,SCTY,7784100
2016-06-30,23.93,23.93,24.33,23.68,24.120001,SCTY,6303700
2016-07-01,23.709999,23.709999,24.040001,23.299999,23.540001,SCTY,4623200
2016-07-05,23.66,23.66,23.969999,23.25,23.77,SCTY,2448200
2016-07-06,24.08,24.08,24.309999,23.25,23.25,SCTY,2883500
2016-07-07,24.540001,24.540001,25.15,24.059999,24.07,SCTY,4040000
2016-07-08,23.799999,23.799999,24.93,23.65,24.90,SCTY,5582500
2016-07-11,24.52,24.52,24.65,24.10,24.16,SCTY,3824700
2016-07-12,24.610001,24.610001,24.90,24.440001,24.57,SCTY,2883600
2016-07-13,24.219999,24.219999,24.780001,24.10,24.50,SCTY,3147100
2016-07-14,24.65,24.65,24.84,24.280001,24.41,SCTY,2974700
2016-07-15,25.040001,25.040001,25.059999,24.450001,24.75,SCTY,2809200
2016-07-18,26.139999,26.139999,26.35,24.85,24.91,SCTY,5020000
2016-07-19,26.26,26.26,26.42,25.32,25.690001,SCTY,3674400
2016-07-20,26.950001,26.950001,27.48,26.309999,26.41,SCTY,4954700
2016-07-21,26.40,26.40,27.10,26.190001,27.030001,SCTY,3283100
2016-07-22,26.450001,26.450001,26.719999,25.700001,26.33,SCTY,2472600
2016-07-25,27.50,27.50,27.540001,26.85,27.07,SCTY,4731100
2016-07-26,27.43,27.43,27.50,27.049999,27.290001,SCTY,3062800
2016-07-27,27.360001,27.360001,27.60,27.15,27.35,SCTY,2223900
2016-07-28,26.879999,26.879999,27.280001,26.799999,27.15,SCTY,1763300
2016-07-29,26.700001,26.700001,27.030001,26.40,26.940001,SCTY,1925800
2016-08-01,24.719999,24.719999,25.98,24.51,25.33,SCTY,7305000
2016-08-02,24.42,24.42,24.68,23.200001,24.629999,SCTY,4260100
2016-08-03,24.299999,24.299999,24.639999,24.059999,24.24,SCTY,2648500
2016-08-04,24.379999,24.379999,24.620001,23.91,24.18,SCTY,2429300
2016-08-05,24.790001,24.790001,24.83,24.129999,24.370001,SCTY,2321900
2016-08-08,24.32,24.32,24.77,24.299999,24.50,SCTY,1726700
2016-08-09,24.549999,24.549999,24.85,24.219999,24.25,SCTY,1859300
2016-08-10,24.379999,24.379999,24.700001,24.200001,24.66,SCTY,3478300
2016-08-11,24.030001,24.030001,24.59,23.84,24.40,SCTY,1908800
2016-08-12,23.700001,23.700001,24.129999,23.469999,24.00,SCTY,2091000
2016-08-15,23.99,23.99,24.43,23.85,23.85,SCTY,1758900
2016-08-16,23.76,23.76,24.040001,23.51,23.950001,SCTY,1682300
2016-08-17,23.59,23.59,23.75,23.33,23.67,SCTY,1172200
2016-08-18,23.42,23.42,23.709999,23.299999,23.51,SCTY,922700
2016-08-19,23.50,23.50,23.57,23.200001,23.309999,SCTY,1689800
2016-08-22,23.02,23.02,23.49,22.75,23.35,SCTY,1757900
2016-08-23,23.09,23.09,23.459999,22.92,23.040001,SCTY,1649300
2016-08-24,22.50,22.50,23.48,22.440001,23.200001,SCTY,1911400
2016-08-25,22.360001,22.360001,22.700001,22.219999,22.50,SCTY,1589000
2016-08-26,22.049999,22.049999,22.940001,22.01,22.530001,SCTY,1516100
2016-08-29,21.459999,21.459999,22.200001,21.41,22.120001,SCTY,2303500
2016-08-30,20.690001,20.690001,21.57,20.65,21.50,SCTY,2741400
2016-08-31,20.66,20.66,20.969999,20.469999,20.77,SCTY,2201000
2016-09-01,18.780001,18.780001,20.74,18.309999,20.709999,SCTY,8623900
2016-09-02,18.48,18.48,19.48,18.360001,19.129999,SCTY,5269400
2016-09-06,18.440001,18.440001,19.040001,18.219999,18.75,SCTY,4335700
2016-09-07,18.059999,18.059999,18.60,17.870001,18.50,SCTY,3821200
2016-09-08,17.440001,17.440001,17.950001,17.120001,17.93,SCTY,5305500
2016-09-09,16.77,16.77,17.49,16.73,17.32,SCTY,4114000
2016-09-12,17.799999,17.799999,18.200001,16.809999,16.959999,SCTY,7958900
2016-09-13,17.059999,17.059999,17.99,16.799999,17.799999,SCTY,5611500
2016-09-14,16.889999,16.889999,17.280001,16.75,17.00,SCTY,2735000
2016-09-15,17.10,17.10,17.469999,16.75,16.82,SCTY,3654200
2016-09-16,17.50,17.50,17.549999,16.200001,17.07,SCTY,5863200
2016-09-19,17.23,17.23,17.50,16.90,17.49,SCTY,3177600
2016-09-20,18.35,18.35,18.73,17.059999,17.24,SCTY,5163700
2016-09-21,18.33,18.33,18.799999,17.860001,18.23,SCTY,3555100
2016-09-22,18.709999,18.709999,18.92,18.200001,18.35,SCTY,3688500
2016-09-23,19.24,19.24,19.40,18.67,18.709999,SCTY,3394700
2016-09-26,19.98,19.98,20.10,18.950001,19.32,SCTY,3038600
2016-09-27,19.99,19.99,20.68,19.41,20.26,SCTY,4164300
2016-09-28,20.48,20.48,20.48,19.889999,20.139999,SCTY,2544400
2016-09-29,19.68,19.68,20.41,19.549999,20.280001,SCTY,3073000
2016-09-30,19.559999,19.559999,19.90,18.799999,19.50,SCTY,3165500
2016-10-03,20.15,20.15,20.24,19.809999,20.10,SCTY,2405500
2016-10-04,19.790001,19.790001,20.27,19.68,20.00,SCTY,2017900
2016-10-05,20.049999,20.049999,20.290001,19.77,19.85,SCTY,1361900
2016-10-06,19.51,19.51,20.139999,19.450001,20.139999,SCTY,1810500
2016-10-07,18.68,18.68,19.50,18.35,19.43,SCTY,2517100
2016-10-10,19.59,19.59,19.940001,18.879999,18.879999,SCTY,2652600
2016-10-11,19.379999,19.379999,20.190001,19.309999,19.559999,SCTY,2501800
2016-10-12,19.99,19.99,20.120001,19.40,19.42,SCTY,3218100
2016-10-13,19.940001,19.940001,20.030001,19.450001,19.67,SCTY,1588100
2016-10-14,20.00,20.00,20.25,19.700001,20.110001,SCTY,1692100
